<html><head>Contenido del head.</head><body>Contenido del body.<div style="color:#000000FF">Contenido de prueba del div</div><div style="color:blue;">Contenido del nuevo div</div><div style="color:blue;">Contenido del nuevo div</div><div style="color:blue;">Contenido del nuevo div</div><div style="color:blue;">Contenido del nuevo div</div><div style="color:blue;">Contenido del nuevo div</div><div style="color:blue;">Contenido del nuevo div</div><div style="color:blue;">Contenido del nuevo div</div><div style="color:blue;">Contenido del nuevo div</div><div style="color:blue;">Contenido del nuevo div</div><div style="color:blue;">Contenido del nuevo div</div><div style="color:blue;">Contenido del nuevo div</div><div style="color:blue;">Contenido del nuevo div</div><div style="color:blue;">Contenido del nuevo div</div><div style="color:blue;">Contenido del nuevo div</div><div style="color:blue;">Contenido del nuevo div</div><div style="color:blue;">Contenido del nuevo div</div><div style="color:blue;">Contenido del nuevo div</div></body></html>