<html><head>Contenido del head.</head><body>Contenido del body.</body><div style="color:#000000FF">Contenido de prueba del div</div><div style="color:blue;">Contenido del nuevo div</div><div style="color:blue;">Contenido del nuevo div</div><div style="color:blue;">Contenido del nuevo div</div><div style="color:blue;">Contenido del nuevo div</div><div style="color:blue;">Contenido del nuevo div</div><div style="color:blue;">Contenido del nuevo div</div><div style="color:blue;">Contenido del nuevo div</div><div style="color:blue;">Contenido del nuevo div</div><div style="color:blue;">Contenido del nuevo div</div><div style="color:blue;">Contenido del nuevo div</div><div style="color:blue;">Contenido del nuevo div</div><div style="color:blue;">Contenido del nuevo div</div><div style="color:blue;">Contenido del nuevo div</div><div style="color:blue;">Contenido del nuevo div</div><div style="color:blue;">Contenido del nuevo div</div><div style="color:blue;">Contenido del nuevo div</div><div style="color:blue;">Contenido del nuevo div</div><div>div nuevo</div></html>